session_id,user_id,duration_min,session_date
983d66ee-2e95-414f-b511-244513611210,596,100.62,2024-02-12
6f8081e2-659a-479b-87ac-fd3a6a5a4916,881,74.72,2024-05-14
f22b8307-29e4-443c-bc06-bcb821bda4a3,281,68.04,2024-08-15
d1794523-207d-4944-84e1-232f26c156bc,424,75.33,2024-04-20
0b696936-78ab-4226-b7a2-bb3df75434ef,856,103.87,2024-11-02
d8c1c954-1515-407c-8406-88f2f55c1cc4,270,70.85,2024-06-08
50655c02-7236-43e4-b325-72d435735742,154,70.13,2024-11-26
ede76385-66d8-4ece-9b45-46607d17ce27,614,118.89,2024-09-20
23644e32-cd2e-40bb-b500-1fe40d9e5acc,727,91.05,2024-08-12
859a5930-6490-46c5-928c-a5f2cbb1538b,662,53.63,2024-08-04
40d5300e-b71b-4991-a38b-f3b22ac0cf8f,944,85.18,2024-02-14
85e2680d-f857-4a5b-a1c7-d73ca6369b86,83,47.32,2024-08-01
fea4b491-ba36-4083-b73b-a02bb5e39431,622,28.24,2024-02-28
159ec33f-99a4-4bd7-a58e-1c45641a537f,947,72.03,2024-05-11
d028af84-cddf-407d-ac31-ffe06e99b9d4,899,111.45,2024-04-13
08a703db-3cef-4e0d-8787-d6669b19ec7f,426,111.57,2024-07-13
9e8ebbb7-db31-478d-b1da-3a7b9014b79d,275,41.69,2024-06-05
7e175b25-9061-4c81-a3b5-e78461a0d6fd,713,63.79,2024-04-07
234c21b9-03e6-4f12-a85a-fdb490adad1f,284,26.18,2024-08-13
5525171e-92c5-413f-9b55-91b1e9bbfd70,980,119.48,2024-07-23
8569de7e-72c8-4f66-be8d-2ca5b2c4ef62,173,117.75,2024-03-19
7fbd45b8-a270-4577-9cc2-52acc4bef9ca,327,78.29,2024-05-03
7a102625-9d0f-4cbd-934b-eea2167daa05,718,96.73,2024-08-05
b0e6e746-422c-4e10-acce-c8df57d3b121,63,86.1,2024-01-04
fada0193-e57f-4c53-b95e-e03c57b2730e,73,71.59,2024-03-30
e79bcbe8-cf25-4b9f-b442-0e245f85a71d,763,7.35,2024-04-13
6c5109a6-833d-4731-940a-72346aefa224,636,55.12,2024-04-28
cc2fa208-7284-4346-8bfa-5607922946ff,375,81.3,2024-05-12
8f4e86f5-f528-4a7c-8599-df0aad951ca1,633,81.63,2024-11-07
7700ca22-8d41-4616-9d75-286901e67513,508,45.4,2024-04-05
dd16f111-4756-40fe-ad82-0872c0d4b04e,787,113.06,2024-11-26
1b4983e8-7a7c-4471-95bf-8379d0f5a338,943,20.92,2024-05-22
907f6648-d37b-4b2f-a381-7bcb0bfef265,398,60.54,2024-10-14
5b178d86-4581-475a-b2b8-12fcaeb73d58,120,83.22,2024-01-28
9606782e-8b73-4b5f-ac07-864408d31775,934,83.96,2024-10-04
59d2c083-bf33-47d5-ac19-ef83bb939fee,437,78.19,2024-08-20
da3814a8-3662-4b3a-9e2e-9ea4a9d5a683,829,33.76,2024-01-17
e868b568-d5e6-4809-9998-9731da82ac4c,676,19.59,2024-02-28
491ffdbc-7acb-49b3-965d-ac639e432c1d,936,76.68,2024-03-30
3736504c-19ca-4d80-bc29-13290987f46a,465,72.32,2024-07-17
4b0b9936-a2dc-4234-a2c0-040e0c425f5c,286,22.34,2024-12-27
a843cfce-a3db-4e2b-a60e-b2f87590238e,265,84.91,2024-01-26
6457e4fd-4a74-4f00-9a7d-9f6a5bc09e0a,320,55.17,2024-01-25
c0fd44c0-6d6b-4d8d-bf0e-b5c771c91190,673,80.46,2024-10-27
0983e1ff-f164-48f6-91d9-a75c6d185771,376,100.65,2024-12-04
522abf52-41ce-4e00-95ac-18110d810bae,820,21.2,2024-09-23
85dfd4b3-ac0e-4ec8-82bc-ddad83e7e6e8,89,3.28,2024-06-29
ea2fa432-644b-48c2-b902-a5c2f69dc6fd,654,93.71,2024-12-25
4cc35ca1-5749-4d03-947c-cfac967d63e5,203,73.55,2024-03-08
2259407c-a409-4262-9003-d54938b99eb8,821,84.26,2024-12-16
e9c04a2c-864a-4756-a1aa-a9632f16b490,739,100.74,2024-11-16
9a2c31b5-2238-428d-9ff3-36b40d940765,955,96.53,2024-02-18
fb738d08-e151-41d0-b912-b8bf01faa72d,334,115.35,2024-06-23
f2348d06-9d98-468f-884e-d71e965b6b21,222,64.78,2024-02-21
49112580-cde7-4417-b519-40e848d96a66,41,59.13,2024-04-11
f9641c9f-a0b0-4f8f-8561-ac3dbca2e84e,708,48.82,2024-08-03
dd0a4c44-76e2-47ab-8973-2342b4bbbba4,68,19.29,2024-07-06
4c04327f-6d98-4e62-a41d-f732c3624994,988,69.14,2024-02-26
0c64d9ba-8a7b-4d65-ab60-278ecefcc72e,776,33.96,2024-02-16
e9758e0e-9aed-4788-820b-49ad55605fa9,514,110.64,2024-06-07
02899c4e-86c4-4b1c-9eee-3ff538c5f4e0,873,70.4,2024-06-22
d1b7ae9b-716a-4da8-9679-9a5aff840a07,637,71.55,2024-08-29
b6bd3e15-4914-41d7-8cc6-60522da33d25,622,43.24,2024-10-08
45229594-41b6-4fae-8b64-6757a065191b,598,7.19,2024-08-28
11a02e51-3f62-498f-9b58-c3df27df29d3,937,4.78,2024-01-05
d346f2e3-9157-4bd5-9d7e-3f06bcb3c9ea,632,51.38,2024-03-24
60097890-549f-4f9c-bf1e-a03c7b127d62,127,11.06,2024-11-03
ec6470ad-e93f-4d0f-8555-e17f3975eb25,255,73.21,2024-12-26
1a784a28-1ce0-4161-97f6-0fa906c2dd35,695,105.84,2024-09-04
fc85533a-7480-40e0-a01b-b5c767e54fd5,16,106.07,2024-02-23
fce5c02b-f293-4740-8474-8f2868988a1c,477,79.43,2024-06-09
e622c7c0-0285-4732-bf40-70cc24b125a6,62,26.14,2024-08-13
3eafb95e-3aa0-4b32-ac91-af9363ac5eb0,881,103.7,2024-01-15
68ec250c-ce8e-4c69-b086-50a3200f663b,432,106.45,2024-08-11
38c2351a-7c10-48ce-b316-d8bf2181cf9f,670,24.4,2024-03-01
305a3bfb-7d3f-48d1-b6b2-aea0d9f3c857,268,88.75,2024-05-01
00842b8c-7538-4aee-bb1c-7e63f41383d6,35,35.1,2024-10-03
ab142fc5-bc9e-4e97-a9c3-f6a3f64932b9,779,96.51,2024-02-15
64e727bc-1fcc-4c44-a14b-fb933ea67aee,576,119.67,2024-10-20
e20921ac-a008-48cd-ae62-0e08f0cb2a60,494,4.57,2024-03-02
1b4bcd12-067e-42c7-bd0d-85509abdd262,562,107.79,2024-03-26
1b8351c0-1937-4d0a-a781-3e91798d91ce,469,75.09,2024-07-28
d9f5581c-038a-4c61-9d77-7cba14ce2127,767,116.83,2024-03-18
8fb6c7a5-2513-49dc-b41f-59b2edaae4c2,661,56.34,2024-07-20
d066c170-5264-4fb0-9fa6-8a4ec593745b,325,101.84,2024-10-28
f49064e9-326c-488d-a3af-4d0a914ea94d,304,8.42,2024-08-10
bd8bae83-d6df-4bf3-98e4-9005a379d7b1,276,40.9,2024-08-09
dbf3a296-7b50-4cb4-9237-7ad665158bfd,869,8.97,2024-01-03
4534670d-2b9a-46ff-8c24-5495fff78091,963,117.07,2024-01-06
4f40af8a-d55e-4b91-8c6b-e969c1ab003c,684,98.22,2024-04-02
a88ecaa4-4428-4ea0-99d8-18582ea4b4ee,929,102.45,2024-01-08
bc344620-50fe-42da-8476-bdf590279d55,201,112.62,2024-08-22
cb3e747d-fcbb-4625-ba87-2beb7e1979c4,445,11.13,2024-04-17
c8de788b-d383-4886-b9d0-b99ed5c5dfbf,905,46.89,2024-06-09
59621560-b3fd-4d81-acfa-effee8fd26e7,324,9.45,2024-07-27
2b0bd5bf-f477-41e9-8a6d-1da759c15b78,35,26.08,2024-08-27
266ff4ac-9467-4a5d-b1e1-230c42e82ba5,977,28.29,2024-11-26
c05b9df0-32b5-4d86-a36f-ce4e5a2edb64,482,56.82,2024-11-28
8acbcc55-f45e-4129-93ab-6caa5b82fe48,728,32.96,2024-02-19
cb217791-0e6a-49b0-986c-402a26db575b,480,13.02,2024-01-11
4dd2b387-a5b7-40ae-8aca-6e7edaaef752,65,20.93,2024-12-16
481acfbd-aead-4bac-a7fa-353500e74532,8,18.53,2024-06-04
bdfc0db3-ccee-4603-bb13-616134e6b862,301,116.8,2024-03-10
b580de8b-fc65-443f-bdf8-372a50ea8aaf,343,91.36,2024-06-17
377f9a7c-280a-4de3-baaf-4e33b6e4cfdd,431,116.16,2024-09-28
0996f6e7-b710-4e8c-a885-47c51c5a126a,424,53.33,2024-03-08
c9449442-3fa4-4f74-bf5f-80924c55714f,332,34.13,2024-12-20
2fe5e977-4392-4664-913b-4a4e294717a8,438,96.0,2024-09-08
e0d966b9-74c9-47fb-93e5-412372cbf1f4,588,39.82,2024-02-17
a395976c-2e2d-492e-834f-f06da86d389a,174,36.63,2024-07-02
5c4b3d05-3bcd-4117-87be-5b6700fb112f,559,28.67,2024-11-15
71d6b846-48d8-4822-a92c-b9447b296c17,527,16.43,2024-07-05
e728ae81-5053-4549-bc2b-f4bae2bad7ce,873,31.52,2024-03-30
abc6fc2a-8c7f-4dd6-8d1f-ed42e75c484e,659,43.28,2024-11-27
7433ecd4-f324-4526-9873-75930efd0dcc,26,81.21,2024-05-18
26c95dd2-afb8-4030-83e1-2baa90225704,820,8.45,2024-12-22
f88a4a2d-b255-48a0-89ca-0b4b5b936380,605,26.05,2024-03-29
feca3d7f-9ce6-4d60-9972-ee0fd6ccd49c,406,97.27,2024-09-30
4c4c307c-bb44-49d9-8b25-ba0dc8663c0b,232,18.48,2024-01-19
c4046db1-aa77-424d-a168-6f557744d2f9,533,41.77,2024-11-06
b3b7000c-cf7d-432c-b5ce-3a8e4eb6f649,819,103.89,2024-12-23
c67d62c2-71f9-471f-9927-8e718ba7fa41,550,19.44,2024-06-02
a03c1c87-0c65-4e54-b28c-03efd47d7096,788,10.85,2024-09-16
b05310bd-cd5b-455e-9b9d-46c13666ef78,505,58.66,2024-04-17
ee020191-a6f7-4f6e-a144-9f6899db72a5,669,36.99,2024-10-11
27375166-5b92-4e06-afb7-10e5c93f987b,179,68.05,2024-02-28
0cf3f21e-4a63-4152-8d5a-a68f2acd3e60,132,96.65,2024-05-04
c6401e40-e14d-4bfc-be6f-a3cdb42d57d2,823,17.32,2024-12-19
c4ada098-6e1d-46f1-a111-de457a290b1b,455,70.1,2024-09-29
6b9d0320-4259-47f6-b88c-b7b0b10233b2,348,61.16,2024-04-16
53231faa-1379-428e-a3e3-86a1f5fcf832,540,18.15,2024-10-25
be6c6f1e-67b3-4f1b-86b8-89f962d0a064,772,75.26,2024-09-01
d3d03033-40b5-4c9e-a9bb-e9eb5a1482fe,406,33.56,2024-12-01
4e391bd9-e040-441c-a957-79823ca34034,76,59.05,2024-09-03
c7ecac8b-9471-45cb-aafd-eb9a7fe01f4f,941,10.79,2024-01-08
cd4dc19c-03e4-40ae-b73d-52da25f22e2d,579,55.69,2024-05-20
e8b7120a-bbc6-48dd-b223-ea398481accb,854,37.47,2024-12-27
5f74e9ae-d9a5-4c19-8ce7-eee76872cab0,492,98.86,2024-01-08
35aa8d08-6227-497a-969d-a53cc49df5f0,194,7.78,2024-12-17
7f06d5b9-8930-4da4-ba3d-0dc9e8eea0a6,984,50.81,2024-04-03
f3bf3d72-cd70-4cdf-b299-06a8f44494ed,162,55.55,2024-11-16
2510bae2-7937-48c4-933b-0fcaf1353bfd,347,87.28,2024-02-08
ad0d9d32-55e0-4950-b301-99707a671234,951,69.34,2024-03-21
07f5c186-9f6f-4d1b-941f-9c01b24cf033,361,80.4,2024-07-05
04b84465-3f9a-4753-9b5b-7e2105f1386c,769,93.47,2024-03-24
d135b2f0-d22c-4ad9-8068-9c14542f9190,584,103.6,2024-03-28
183085d1-27e9-4d5d-8995-54f72d811f86,87,38.35,2024-08-29
53701c68-78af-45ed-abf4-16b2df4c8e82,934,65.02,2024-12-07
0d056a4a-3b5b-4e1e-8292-1b6f547562bb,262,100.97,2024-04-02
8cc7b48f-d78b-48e9-acb3-081c976ffc4e,214,118.74,2024-03-26
5161b2f1-0c28-4f9b-9bd2-a2fea8a8a8c4,665,106.85,2024-02-13
cc419dec-df32-495d-9d5b-715fbca2db11,722,45.2,2024-05-16
21a630dd-2314-4817-9392-691fca98f112,913,24.22,2024-03-14
90e96357-be7c-461e-a437-726476f92576,573,59.24,2024-02-05
f1d1a557-eaac-4046-b0e4-1878eebe1550,780,89.26,2024-04-10
80a7b53b-8f20-4035-9eef-11863bde1e54,262,59.62,2024-06-04
6f3fba5c-c675-4926-b814-5a982fadf382,730,58.5,2024-09-11
ee51541a-22a9-499f-a22f-d06a24586f2c,283,100.75,2024-06-19
d2e45a51-080e-4b82-bed8-d74be3a54045,648,44.01,2024-08-03
a720ed49-457b-43e6-9e87-fa986381a6ee,467,103.32,2024-06-18
f1fc4e47-89ff-46eb-b9cb-b49ee336c567,380,49.41,2024-09-08
cb6b99c2-0c2a-4eed-8144-971d8d3a902c,362,40.06,2024-12-25
4f55b7fe-a7f4-441e-9ec7-1978a0962e26,449,55.02,2024-11-17
c9cdfd04-090f-49a1-9124-ba4651813de3,441,91.73,2024-02-24
fa41728b-c726-4c1d-b262-29a5b5498e6b,93,15.99,2024-03-31
835ef843-aaa1-40b5-a229-f9fed14f597a,621,24.37,2024-10-04
b59e174b-31ba-4353-bf64-9a11db34c664,753,114.22,2024-04-10
ac956b8c-4b1a-43dd-83f2-51050c1e954f,867,21.88,2024-06-03
07e1bead-b54f-4ca1-b04b-ac5fd4123ed1,424,68.56,2024-12-14
afe6b7eb-99fe-4816-b484-e3920ac7c291,142,69.94,2024-12-29
59bb4bb2-18c9-4c9e-8809-2c57ab13f260,291,59.27,2024-05-20
402d26b2-fef7-4cf3-9431-658a03833086,432,77.72,2024-06-21
260501cb-7037-461d-a91e-d2ee5c38b7d0,749,28.35,2024-01-10
a44f6a64-e6f9-4160-8797-f387dc0effce,852,66.77,2024-08-15
21f79fe0-3cbc-436a-8209-05aba4cf6020,824,45.29,2024-09-21
cafd686b-5378-4a17-864a-f9a49e3b135b,689,79.74,2024-09-04
076a5e7f-a21c-49c1-b167-da59b5727a0d,653,17.81,2024-09-03
5efdc412-3abb-4f26-aa31-413484932e88,701,68.93,2024-06-03
881d0d1d-5d13-4296-a44f-45f3d5107ba6,998,23.05,2024-02-03
efca8258-070d-4b7f-a018-f1bcbb3ba363,49,34.16,2024-05-08
41ee65b8-8c3c-4963-8e64-ea8ffea27c47,302,27.03,2024-06-08
c9184f1f-ea87-4849-9d52-261b96058c49,881,22.76,2024-03-29
71d353fe-618c-4fb8-9044-e6c776f0971b,190,99.26,2024-04-02
436eeabd-094e-41af-829b-0e649289e584,136,35.0,2024-11-22
57cf175c-0012-4b00-a8a0-57157bfff86c,555,111.33,2024-08-28
42f14d5f-d728-4b5c-953f-d8cf1d55039e,404,116.42,2024-11-18
fb9ed104-92f8-4fdd-8f3e-cb5b5ea2fe37,892,68.98,2024-04-26
1ea4c4e0-f708-46ec-8135-2dc90a211051,865,18.02,2024-04-03
9005fb06-62e1-40e0-9d2e-774d27762dcb,602,45.57,2024-06-11
0ef0e61b-e3be-4b8b-8c4c-3e5ba6aedbf8,807,95.93,2024-04-08
234b7006-7224-4f18-9103-7204d152be1c,341,44.72,2024-04-22
01ed60ae-c2be-41b7-832b-ccc89bb93ff0,757,11.36,2024-12-24
27a4fc3b-6f79-4f32-9045-7bc771b6633a,945,67.26,2024-03-31
4add004b-51d4-4a6e-b6b6-4aedf52b4265,704,101.57,2024-12-11
3cb15214-77f2-4187-b0bb-26382d8fecd8,318,95.72,2024-07-24
f00d6c9c-4b39-4454-a19b-bfa6cebd8c53,618,21.84,2024-01-17
9c9070af-fd80-4b11-9770-3009efa20e28,363,81.06,2024-09-30
74a04838-239b-411a-99b7-71bb9625e7d9,822,27.24,2024-06-21
a430ad56-e9e8-4605-bc5f-a25fc849f6d0,382,26.97,2024-04-25
9d9c3e7f-7ea9-43a4-9353-91e4397ad485,233,105.01,2024-12-14
cc9de4aa-75e4-4e02-b455-21b5298577d7,777,30.71,2024-06-29
fdfdefb0-44f6-4d22-906c-a3fc18c11a10,344,32.33,2024-03-31
23b2d289-f290-4c5c-a8eb-4ebdd5196b2d,549,1.08,2024-03-22
81236b9b-dbdb-4e3b-8049-1e6858a904ea,817,104.61,2024-11-19
ba43012b-ae24-4ec4-a700-bff5bdc46a22,553,95.32,2024-04-23
ad010275-ebfb-4fcc-8e69-d8c888c345d4,529,75.65,2024-09-13
a3f2c826-5e3f-4bc7-9928-c779bcb77133,856,90.28,2024-02-27
e02be868-3aa2-4973-98eb-f3a992005b68,789,19.09,2024-06-02
b280ba6a-7546-4963-9423-77a159060d5e,819,55.54,2024-12-30
920f1abb-5495-4aa3-88d6-e1678bc0adab,571,42.8,2024-04-25
96909f87-4bb2-4029-8590-3b829283d2fa,935,12.16,2024-12-08
11bf6f5e-405a-410d-832e-b2c5ca868105,183,58.85,2024-09-22
a85eeb43-17eb-4cc3-964c-a3ff3f596a5a,41,110.57,2024-11-10
57bf6113-03a4-4c2f-9453-871a836ea405,551,5.77,2024-07-21
cd785407-c415-4e6d-bf68-b1c10bcb4be9,397,35.68,2024-02-10
6fea15fc-9617-453d-9ec2-95d838ceb635,704,25.7,2024-04-14
731f9109-6e8e-47b6-9151-c5137d72d208,779,29.34,2024-07-11
a10865e5-d56b-4e83-b475-9d34f11279fb,494,109.1,2024-10-04
d0e31341-d438-4377-a1a5-780b939664fa,659,56.7,2024-12-19
315d00a3-b843-40fc-aa40-0e93dad70319,907,56.49,2024-08-24
e48be880-5242-4d03-b6df-328d73806dda,333,91.51,2024-08-08
1349062a-1931-49e4-984f-2505de46ee8f,127,19.38,2024-03-08
f97e78d5-2235-46d2-9d9a-6b04ccae323e,558,58.98,2024-07-15
9402da3a-9dca-41ab-8974-f0dc549aa068,557,52.17,2024-09-12
d3306041-cdb8-42b2-97dc-20229a107d8f,1,72.03,2024-05-18
a42a80ce-0e43-46ab-9fad-b0762df0b477,168,119.95,2024-11-07
5f5e0f1f-b271-4cba-8053-6dfed270f92d,620,92.56,2024-05-28
8249752a-7912-477f-9069-ee5c696a70af,19,48.35,2024-04-08
39dd658e-d761-4d17-ade7-d389bd03e112,332,99.48,2024-03-16
34fa8a34-fba4-467a-9719-68c7edf0a08e,584,21.31,2024-10-08
11258db1-3b1f-4cf3-807a-b2cbccda3369,456,4.63,2024-04-18
d139a5a1-f33c-4347-ad65-701a8a2e213a,957,25.33,2024-07-06
1a5ba8f0-df09-4680-9864-5ca761b83ec2,109,41.51,2024-07-17
4c623d9f-4d4d-4b30-8a90-a327b60a4d02,268,61.76,2024-10-29
ef359300-3fbf-4e52-93c4-4481a52d8e3b,445,74.2,2024-11-22
791de89f-49f7-4d78-ab59-f178a73abc13,240,109.36,2024-06-02
fc918e96-57ad-489e-bdca-901d884468f0,929,61.67,2024-02-09
a3984f61-bf42-4ae9-a563-8fc240a71f34,301,60.65,2024-05-12
0fc07b46-d895-4196-bf3c-93a088ea1ec7,602,6.98,2024-05-11
29c63a2e-12e6-4f25-be73-f0d17fa0706f,103,5.15,2024-10-05
3b175738-3038-4fde-b5e5-f539a3d06831,988,66.59,2024-12-27
ca3df83c-518b-4a6a-bdf4-cc1688c6e0b2,250,53.14,2024-03-24
79047b14-8261-4f1b-b858-8ec656e4234c,453,100.86,2024-08-29
833c8d10-587d-4347-8bb9-652b4609a799,520,20.12,2024-04-25
d1cb7de5-de95-4ae1-b5a1-ad21ee552c49,153,3.97,2024-04-18
0e1f4935-ec14-4ceb-a06d-9b9a9ca36778,859,54.44,2024-08-08
e508819c-6f9f-44cf-9836-f0b0237564ba,174,29.26,2024-02-10
311c1a5b-80dc-4021-a56c-c6a948a36016,343,6.9,2024-05-26
0deaa620-84b5-49eb-8870-1e7f56949434,670,87.23,2024-04-21
a4826e48-1693-4ddf-b92d-a249cc2f1447,431,14.28,2024-04-12
8cbce530-f365-4f70-abeb-728111039bd6,727,73.39,2024-02-15
80a096b1-9489-4289-982f-1e92aaa799ee,689,34.44,2024-11-19
46f77b7f-f8b7-4336-85dd-4971f7963a8b,687,21.65,2024-09-27
646c7a7a-d137-43c0-8751-047b25c68c9c,852,46.19,2024-07-13
ce3cb2ab-5b5f-411d-9635-41a0697883a7,850,96.37,2024-10-06
6ae31b9a-c98c-4756-951d-ad90c1e40c1c,658,47.66,2024-10-09
7231ce77-3666-444b-a882-19827c8224d4,962,90.34,2024-02-09
5549680d-071c-46a7-b915-3e66ea476277,324,15.93,2024-07-07
ab3edf25-306f-427d-bbd6-3f58de7e20ed,990,92.96,2024-06-12
34ed64ff-e74c-41de-bd4a-407873d76ad6,673,29.2,2024-01-24
ffb876d7-9662-4505-aaf2-dbc5bb10641b,639,81.61,2024-01-24
46ba08fb-4c5d-4ef2-a442-811876fb2c58,420,68.33,2024-01-04
cbedb251-11c9-4ff7-a38b-a94c646a2036,594,111.57,2024-11-18
76914d00-41fe-490b-9ec0-a9addfb30a14,485,47.09,2024-10-16
5545423b-6a3a-4348-aea8-8e714d544552,659,8.87,2024-06-29
88ba2c43-80bf-4623-a1d7-84ef79e8e185,751,3.28,2024-09-04
4c714a32-eb1e-40fe-95d9-42b86a443c78,412,99.4,2024-04-25
38d78cce-8dff-4d07-ac5a-3ba8d3d0f8bb,936,63.44,2024-10-05
44ba6534-9bf7-48cd-bd6c-5a0054501ba2,84,93.25,2024-12-30
2635e736-0e64-418b-8ff0-a2206cd38300,113,28.9,2024-03-09
c02551f9-dee9-4e02-a29f-1da272c0b75a,737,42.06,2024-12-16
a1677ebb-383c-4d63-9778-21fd68abfcb4,332,4.58,2024-09-10
daf7580f-75e7-4cb4-9b20-cb1674ee8adb,378,115.42,2024-06-29
f74b061d-f982-489e-a382-5148adbcb825,755,80.48,2024-11-13
77d0ae2f-d305-4274-bc72-f44ad2a86ba1,655,112.05,2024-06-17
6232c512-8fb4-41a6-826e-bf038105fc00,41,32.59,2024-11-08
b6531773-d3ea-4d4f-8082-15606751b889,935,73.76,2024-09-05
09c9e9aa-b9d5-43c0-a2af-abfd04daa0f5,770,81.74,2024-07-06
77250139-9e73-4553-a409-3f53adb913ac,959,38.79,2024-02-23
c544a247-2d6f-4d68-81c8-3c2d249bc2b4,797,101.92,2024-11-21
fbfb9dd7-4954-489f-b8d6-e20e80dd6ab8,105,113.71,2024-12-22
369b9827-77e3-493c-9061-7e2abd355d3c,202,106.3,2024-11-08
9928b8b7-0d52-44e5-a67c-65aa2d2856f8,450,88.95,2024-05-17
61a0ee8e-def1-42d2-986d-516876f5cfbd,819,34.02,2024-06-16
ba4a4850-7035-4fbd-8187-b6c5a0632879,843,34.51,2024-04-12
24542f92-2ab5-4991-a811-c734ea78e96a,973,115.64,2024-03-25
fba4f752-0d18-45ce-9c15-f4009191ec27,266,2.22,2024-11-12
2064def2-76cb-4cb8-8b9a-45474862885c,910,86.21,2024-07-30
095182b4-4b30-44c3-9d2d-5dcb7a8450ab,210,85.04,2024-01-03
dbc9a0db-b4a7-4c63-b719-19bab31e8768,563,75.1,2024-06-27
b37b8ef6-2575-448a-bead-e815dcfd70f9,118,118.82,2024-12-07
9d4a5594-c8ca-4ddb-abd1-879d5d16302d,713,38.11,2024-10-29
3876b745-aba8-4542-98e1-c77cc6896fde,377,41.46,2024-11-27
93e18584-121d-488d-815a-f80fc33bbe66,551,10.39,2024-02-07
159e4cde-b8c4-46b2-aa9d-bdef75b396e7,540,53.69,2024-08-26
a3259952-18fd-4bca-9b4d-a506398e5dc1,771,32.06,2024-06-17
e68501c4-0e39-4a7d-98b3-8476ab16d0fe,84,41.86,2024-12-08
e0a926b3-5600-4b4b-8de2-45b4f19d921c,454,100.31,2024-11-09
c8d9adde-2e3f-42d3-a59e-8a14a03f520c,667,112.32,2024-11-01
9e4b342f-a047-42be-83aa-77ff84dfee74,629,23.1,2024-01-30
d518f053-2b7f-4626-9673-66cf24af645b,514,45.33,2024-07-08
bd764586-591d-4ea5-bd85-5f79c738cfe3,605,111.51,2024-12-22
1841e935-0261-48e4-ab84-1af5fc7f1697,678,8.36,2024-01-25
711e5dce-130f-4f0a-9420-27e6a709b027,387,11.99,2024-04-21
49719c6d-6626-4db6-bbbd-d68f6ac89371,912,20.37,2024-07-24
e9d7ba2b-7e1c-47ae-94dd-ed068632b61e,350,71.83,2024-07-03
5d5d662d-d13d-48a4-877f-30851c783b31,296,18.91,2024-02-16
388b29de-64cb-4db4-976f-d121a5ceb47b,258,116.2,2024-08-15
c65145a7-bedd-4a62-8baa-c50d0fc09246,81,54.16,2024-02-08
4ebc797d-c950-4a97-ac11-7c4a2f7e2dae,937,60.68,2024-01-16
90b24630-b750-4ec6-9af1-eedcfd6d4c8d,268,30.35,2024-01-22
0158d931-dcb0-42d1-a822-c6e2f8ca8de2,419,57.04,2024-07-31
5f590e41-3ec6-4e7b-a9b3-4bf6c85e87b4,235,79.77,2024-11-05
efc6af1a-a213-4a9e-9e86-784dbe6c8d33,833,90.39,2024-05-28
d43bbaf1-5276-4a45-9739-3bd0ab144372,311,90.71,2024-08-28
e092262a-6e84-4cf2-add0-4c34e536bf32,813,69.77,2024-09-28
f333c31f-ee59-459f-9f4a-fb5457da0af9,975,108.62,2024-02-28
ad621f8e-40c5-44e7-9d4f-5c15d689a9f8,986,98.27,2024-10-13
c9a92a64-fc9d-451e-9c81-5daabae54b85,357,91.09,2024-07-20
73aebe94-c68d-40e1-a19f-40b1b042886c,213,7.62,2024-02-01
f1b6fbf6-9a1d-449c-b16c-9667dd9ddcec,574,1.82,2024-06-10
6bd0af02-4954-4168-a2bd-651081e43d14,49,26.28,2024-09-11
ad8fd039-fac2-4736-b668-5b1cb04ff92e,127,79.96,2024-09-10
8615ba22-00d2-4a07-bafa-5302beb22236,223,49.93,2024-01-09
4d5b09ec-b856-42c3-b347-e15dc5bd6e74,921,48.89,2024-05-18
7e040218-b00f-45ec-a554-773a9f286f5c,279,106.27,2024-01-10
df378cb7-179d-4880-8c1b-f230205ebe39,408,107.57,2024-08-01
a762ae52-8e5f-4133-b3bd-6dd0c2624873,505,109.19,2024-09-29
b1b7e0f2-d172-40f3-83e7-c29e61fe4154,294,38.35,2024-11-19
92e78ffc-6b16-4e49-a492-5c05c430ca42,796,83.24,2024-02-17
2c19cd5f-6e7c-4d2a-b2eb-48a64f47621c,277,33.32,2024-04-20
c75679af-fdb8-4a25-9e67-c8b6b063eff0,438,23.68,2024-06-01
a62f8306-6bcd-47c4-aa02-22cad4c030de,107,22.97,2024-05-02
b4092e77-8161-4f72-b4b1-302c6f497a5b,658,41.71,2024-12-22
3b22c29a-20c9-4a41-8540-3cc873828ce3,420,52.16,2024-04-11
e14189f7-aa45-439f-9fd9-9ecb6c705140,611,99.88,2024-08-28
51893f4d-4d14-4366-9e51-39a2704e6adf,429,15.27,2024-11-16
bc5aaa06-46e1-4a23-98c8-348f4213fef3,375,88.46,2024-07-09
1472fc4e-1509-4779-b552-8fb765ddef22,73,64.24,2024-08-04
06565ec6-07db-4e38-8b74-2a9683985b28,949,35.27,2024-02-20
9f697086-b519-4775-a865-eece95c0d937,998,59.65,2024-10-18
e2f04150-6e84-469d-954b-5df3f8ee4a39,634,36.69,2024-03-21
a3a6f506-5b03-4246-b7c3-6db9c1bf4b58,30,71.93,2024-03-28
e9073488-53ba-424b-9c3f-a3b75e526e91,188,52.63,2024-07-12
c349c783-f94c-4267-a4a8-5404d111c3a6,364,20.56,2024-04-13
e4f69d2b-5e67-437a-8e13-ead6e8db5760,866,14.87,2024-09-27
cff60114-1d6a-40b4-b4fe-1ed210ae5116,800,66.06,2024-04-05
622f89ea-3dae-48c9-b2fa-d7c6078a9fab,451,108.39,2024-07-16
1785f1b3-a8e7-4377-b3d7-10f08ac97000,195,41.93,2024-01-01
b62a69da-1f39-4376-b513-21cdecab346a,156,88.23,2024-06-15
5cd39485-024c-4d42-88b2-07c38d2dc18f,172,79.38,2024-05-05
84d7b9d7-5373-4386-86a0-b5f2b2f84409,847,111.86,2024-11-08
47575292-53e9-474a-9106-1d9edca6d3f0,41,98.7,2024-03-21
ffb9901c-3924-4572-967e-6029cae11007,63,68.43,2024-09-07
756cb3e5-586d-403a-86fa-60d8113a0a42,23,79.19,2024-06-17
ef53bb38-ebba-431c-8f87-30316d73975f,360,107.91,2024-03-13
14357319-18bc-4cce-a235-8bb57c2dca5d,75,48.54,2024-05-20
cc2bb412-a356-4cb9-95e8-c5fb04e819ad,560,39.89,2024-03-10
7a77102a-40d2-43a0-b081-418b44bd4e95,672,2.29,2024-09-18
4a867bc7-1750-416e-b8ff-2f92147e86dd,825,99.36,2024-12-05
f823292e-789b-4d58-b04b-8321f03d4fdb,118,96.32,2024-11-03
676c4dde-02c3-4946-9bcf-f7e14f705fcc,612,13.43,2024-09-01
7f4ecb1d-2217-4e54-b4ec-a84bf87283d9,380,69.65,2024-01-03
205241ad-bd6e-4e0f-bc87-d9984ac76044,929,56.21,2024-12-02
15e237f7-2d81-4795-b714-da0c087f65db,920,15.13,2024-03-03
7cbb2493-5868-43cf-96b5-dd9adccdebd4,679,117.69,2024-02-18
0cea4af9-5718-4e2e-b2d1-41a5d2769e3a,290,26.55,2024-03-16
d70b9171-ff86-4d0d-8b19-5ccca87e9f7a,440,9.0,2024-06-23
3e385ccc-71c5-4dcf-a713-77d60e62088f,668,71.79,2024-04-18
20c22bd6-3135-44c4-8b5b-e19815da7aec,933,88.93,2024-07-01
b489d13b-640f-4fd0-86cd-8d97d070c278,7,4.86,2024-07-10
1f7f09ec-0e2b-402a-b077-0c5d6bd09ff7,196,79.39,2024-03-05
9c3fd60f-3787-4388-a231-6e5906181c46,421,64.34,2024-12-02
42462163-e1cb-4353-8551-dd9704b0e166,568,13.29,2024-09-27
2e587f2d-e9ce-49c4-8661-12b1926ee246,833,21.53,2024-04-09
a79519c3-8882-4ed4-8f0f-9b61b818ee4e,193,68.59,2024-02-01
47709a0e-81b3-4149-ac37-54e66583050b,559,36.27,2024-12-17
4962ae76-7b02-405b-98cc-371e874b1624,148,112.66,2024-05-07
843602b6-2ef8-46df-81af-420e99f63788,787,98.43,2024-12-04
04e507b4-8d6e-4301-abd7-e0ea28467eca,669,118.04,2024-02-12
f5efaeb1-1481-461e-9132-f0439f153dd0,202,31.9,2024-03-18
2de5b99e-a08c-4c13-80df-df341621c887,444,116.4,2024-11-09
21f1ddb9-1632-49ee-9f9d-65653b757e35,914,52.32,2024-10-15
2872afdf-78b9-490b-bab4-2a4bde4e3822,988,42.35,2024-09-26
13f1cc3b-2658-4a4c-95e5-cbfa100b7660,419,6.99,2024-06-10
592561e6-b2ec-41a8-bc63-d66c2f7dc30e,427,7.28,2024-07-07
560689e1-ff40-44b5-83d9-c8c5ae6b3333,479,83.35,2024-09-03
602cd3c5-f7f9-417d-a51f-d6f169514e6b,475,55.49,2024-08-03
5dec724a-5f1b-4dd7-abfa-94ff0f49d141,126,27.96,2024-11-10
a53b0493-7a8e-41a2-8d31-57212df81e6d,395,74.06,2024-12-04
6cb7cd16-d706-41c8-a7b8-a0ab1c264f50,817,31.09,2024-06-16
0c82dc23-0abf-4e61-ae2b-dae8c4ccdf0b,881,69.74,2024-12-04
4db08aaf-7700-4a81-a9f3-782fae8e7071,806,43.75,2024-07-11
4a15af4f-96b0-40ea-9d22-9ed54209d5b3,576,99.0,2024-10-09
e03a6630-31f7-4248-abd5-6009aa971eae,325,98.66,2024-12-01
90fd6265-104e-47f1-b477-7a959c9c35a0,392,57.8,2024-01-13
09c00797-0223-482f-a63a-c51820253bbb,930,42.75,2024-08-27
43b12ae9-c252-44ed-abed-a37dad573121,688,44.14,2024-11-15
98c12a3c-9063-4ed9-b4ea-2d34307e31f5,628,96.88,2024-05-26
7659fd68-c784-4a0b-ae6b-f5bf2dc72dfd,440,40.05,2024-07-22
c2a893ab-cec7-49bc-844e-0a85273e0ee9,204,25.88,2024-03-20
b5dff012-7940-453a-bb7b-2195a8760654,486,11.08,2024-02-12
6a83da29-29a9-4932-bf1f-0713ddb07f9b,833,56.54,2024-03-29
e98ff5c7-d1b5-4c45-b749-5ed159a28f3d,31,58.37,2024-05-27
aaef257e-4eb5-4806-9e0b-95d716b72a0b,388,101.07,2024-04-04
e930cf16-be3a-4ead-9814-1cf7a9f143d2,625,27.33,2024-05-30
420ce896-d358-43d6-b444-78bd9deb83a0,877,46.34,2024-01-02
ff66a728-3e40-4cc1-947e-506c57590559,434,97.2,2024-01-22
6007e7df-ebd1-4cb9-b032-5a96699eafa2,837,99.01,2024-11-08
82871fca-7c99-4356-a4b6-612ff72a4c02,926,46.77,2024-11-23
7dd22f20-bce8-461e-902d-2d274f7799c6,376,55.64,2024-01-07
742b0839-07d4-4b2e-b067-225e4d5a5246,344,37.09,2024-07-24
c0adce98-e534-4382-bde1-569b4fd2bb14,443,111.97,2024-04-23
dd01da0f-6724-4761-99f2-1a312144f38d,579,15.12,2024-09-28
89a265e2-90c9-4367-b230-ea2fc71c65e6,75,112.12,2024-03-23
e33d708f-4708-4076-b136-00e75bf0dbd6,557,82.38,2024-06-27
a524b3c3-1044-4528-9216-aedfb3afdb36,772,64.26,2024-07-28
15de4b6e-2208-46fe-8f57-3ef297d638d7,666,4.89,2024-11-23
bb1fd129-8697-4230-9cf1-1c2e93d168a7,155,57.6,2024-05-03
210d8644-b367-458a-b401-7f85b32d28c3,430,49.52,2024-04-22
bb30b0a0-a0a0-4c55-ac9f-4b4d692489b9,363,20.19,2024-01-12
aebbf564-1492-4e0e-82ef-5c0c62577048,448,79.11,2024-05-05
31bc1551-b3b6-4c24-93ad-4b39530a4902,987,116.57,2024-02-22
e993c9e5-b120-4b63-9d79-0a03f9dac7b6,234,67.9,2024-11-26
954cdda3-f614-4836-b02b-a6b1c0085d26,563,86.06,2024-10-09
6acc51b5-3328-4af3-8912-cedf5f646dfc,818,9.15,2024-05-19
fc036c2a-1b28-4dda-ae4b-cb2d21b8022a,262,50.7,2024-04-06
0ce2b821-0c41-46f9-b2b2-ce9ff4f07309,827,14.85,2024-01-05
291c6e92-5bee-4a88-bd30-0e7957c34af0,125,73.92,2024-02-26
29aa641a-cedf-4006-aa21-411597ba210e,911,112.68,2024-11-29
a288fa9b-3524-4637-a23b-ec5e1aea213e,245,79.75,2024-03-09
965a45de-c8f8-4a77-a92d-2fddaad98c87,542,10.14,2024-04-27
c250db4f-2713-4aa0-ae3c-e76253711590,938,43.21,2024-02-28
b3d3fa08-3d8e-4a41-8973-2e0f70925886,485,66.53,2024-02-02
1b2588f6-6b1f-49a4-9e66-991426782ac0,122,48.98,2024-11-13
8a3f8061-43f5-4bbb-af92-c9f2e5475c5a,125,100.2,2024-02-19
eee31d91-ed78-4092-bd0b-14defa562e03,549,97.95,2024-01-19
790f10cf-9255-45ab-82df-ef34672302db,170,73.81,2024-08-01
6d4ca391-2318-4c79-8bfb-d7517727c60f,124,45.44,2024-07-15
334444b0-c812-463b-a51e-e121eb5aa3dd,869,31.39,2024-02-16
1ef2b732-4823-4c8a-a53e-fe5fb2af6d2f,35,13.6,2024-06-15
0a79adb8-8bbd-4106-be8c-7f547e882421,87,43.23,2024-10-15
201f11dd-1caf-4aec-a115-46a1784d47cf,646,50.17,2024-05-20
799329fc-d4eb-4130-a4cb-d149c42e880a,708,81.42,2024-03-24
ea1e27c1-c667-4be1-a909-c6f6dc799f29,786,79.32,2024-06-30
dc359c46-f390-4253-8698-76d978c9792c,201,9.34,2024-03-19
2373f4c1-0128-4b72-bd40-2b2398bbc193,369,48.04,2024-08-02
80cc136c-7f8a-4499-a5af-3299d7f82d52,797,22.63,2024-01-14
81e0782f-8d77-4081-8961-fb1735beb102,77,19.66,2024-08-02
1f286b79-a50c-4420-b4d9-039a5c810626,59,99.45,2024-05-07
38925acb-feb5-4c7a-84b5-59e473a20ae2,431,5.99,2024-11-05
00cf46a9-6616-4992-b37f-121f528dac28,638,50.88,2024-09-04
869e614d-1547-41fb-91e3-f881b5cc19a0,500,21.02,2024-01-29
6befd0cc-790e-419f-8e23-8871e927a5e7,913,105.64,2024-10-06
e64ffa70-d64b-4fb2-ae49-7409454e1604,109,67.29,2024-12-03
7cfa619f-7401-47d5-8069-d2ca9e82b254,736,28.53,2024-11-14
c0c243e4-19d7-4069-b270-7ed07862ed6f,278,60.79,2024-07-20
844c6fd0-8a12-492c-99fe-aac20f7d22aa,68,88.05,2024-12-26
c0f05555-8606-43ec-bc8e-1a30963b489a,69,115.02,2024-02-26
61ea9dfe-5097-4eed-ac1f-3ea3946a0942,165,27.23,2024-08-05
d35b36e7-927b-4de7-b623-e611c1bd342c,489,106.46,2024-03-02
85e3ca53-844d-43b7-83ee-d3d95a857979,305,112.18,2024-06-05
fd47971a-577b-4020-8336-10206b665edb,909,110.05,2024-07-20
8cefef4e-2bfe-4a8d-94c9-b463afc3df85,674,76.61,2024-01-17
ee9195c6-8c99-496c-9b4a-991bb53ca906,365,75.95,2024-11-17
399ee94e-73f6-4503-8851-d859c4f4608e,854,48.98,2024-01-06
8724c2d8-46f3-4fad-bbea-72180479b9fc,821,90.54,2024-02-27
6d239005-61cf-4f05-96cf-767b06f91887,379,64.22,2024-11-20
c8fc7031-d182-4bac-8335-702ec379df71,343,81.62,2024-11-13
fff66ad0-b6a7-4a2b-81c5-2c59a3e96a6a,947,51.99,2024-06-17
f00737ae-a36d-4348-84cc-42239a2c7c36,899,88.05,2024-03-22
94fac5b6-e591-4875-a3c2-483db2680831,554,99.11,2024-08-06
e5ef9765-a9eb-434f-89f8-5d4619bcb380,354,18.43,2024-06-25
65ebde2d-0879-4150-a044-a6171daa8e11,416,100.12,2024-07-22
c770b5ff-0e7f-4374-813b-769e409b8a38,109,65.3,2024-03-11
aad800dd-7568-4ad7-9da0-eadeaca28879,563,101.52,2024-09-22
0b78fd25-6cb5-4fbe-8597-4187462aa2f6,762,52.32,2024-04-07
f223a858-b4c3-4b8d-adc9-56cf1851d21c,497,46.11,2024-12-10
1991700c-9fdd-4775-ac54-636dd3bd56e7,341,109.89,2024-10-17
3cc33638-5c70-4086-b20a-699c65838e8c,942,30.89,2024-07-26
3e969e1b-8c99-4b84-8565-56fd1f007f7e,383,101.46,2024-01-02
e1672dcc-46dc-494b-a771-544c51fc5152,533,58.6,2024-05-03
27e2e14c-cd49-4643-a763-db254f1cc7c5,300,62.18,2024-10-06
08fbf7b0-e2b1-4019-aa29-47c652fc95dc,139,37.71,2024-03-14
35ca1a8b-4d4d-482c-8299-9c3ee2b83e3a,359,69.19,2024-06-14
178fb3ad-4f40-4803-b71a-986db0e21a32,836,39.7,2024-01-22
2b067443-2312-4b8b-b083-1b52f8011044,499,5.67,2024-06-02
7b857ea5-e4b9-4180-b7c4-c39aa8e8b364,385,33.37,2024-10-21
59dc9188-bc6d-4733-96ed-dc1f63080ea9,604,1.76,2024-08-06
e525a8be-aeca-44ee-b78f-e1f4a5ea62d6,959,117.42,2024-06-05
f0925453-f0f3-47fc-93ea-f06712a95c1e,280,115.92,2024-08-17
89bbb6b2-96ba-4620-90c1-49ea2c27c4ac,637,48.02,2024-01-20
ab99c8dd-b784-4015-87ff-68b51bf52a4f,483,87.68,2024-02-10
42deedbd-afc0-4f24-9ad0-cec467ce5d50,909,42.15,2024-05-27
3f294fc3-fff8-4394-a8ed-a71118234d22,111,80.86,2024-04-17
81ee7e72-9928-4ef6-85c0-cdc69d02b732,866,96.85,2024-03-24
cba2cd1f-f8cf-4112-8a6e-96f2012cdfff,139,113.66,2024-11-17
01b598b6-8154-4903-8526-0125fde90eca,996,48.63,2024-11-04
1156e4e8-f101-48d0-8653-de8e92e2c4e4,435,94.21,2024-10-16
c2b3d015-aa1a-49fb-a714-3535780fbf55,509,32.65,2024-11-18
bf7970df-c324-45c9-a714-3e66b5d15135,273,118.85,2024-05-13
13e4fa2b-8503-4c82-a5ee-94b4f1f7dbda,99,4.07,2024-07-25
d3f62ee6-a83e-4937-a9cb-09416229042b,764,72.82,2024-10-09
4eebf06c-a408-4dff-adbe-e40fd78faeb2,850,79.48,2024-09-22
7af109e3-c46b-488f-b964-69b921ae1c76,104,82.88,2024-03-13
948f8651-838b-4d9c-bf6f-4c408b148b2a,214,15.33,2024-12-17
92e4d774-f6a1-4399-a2eb-5e30bf068d62,761,112.69,2024-02-17
fe80f5c0-2cd1-499b-8ca3-2ffed13f57f8,664,22.56,2024-11-21
e9f49b21-6f20-4bf4-80bc-92f213e60e00,762,75.11,2024-08-20
c035b51f-ce8e-4ad2-bb17-078e96a48238,787,27.5,2024-04-09
8c16880b-540b-4125-9acb-d24cb425ff27,165,37.56,2024-02-28
5adad980-d708-466e-856e-0ecb3d548c8c,999,66.03,2024-09-14
5fc648eb-199e-4566-ae77-5a63efc55e5b,853,50.65,2024-03-05
d3361b32-d49c-4f8d-b93b-cfc796719f7e,520,20.07,2024-03-23
0c16b945-368e-43c0-a053-0e459593d992,284,21.34,2024-06-02
14864377-ee26-4113-9919-35d18e5a6de2,517,50.76,2024-09-22
e1599b04-3a35-4870-a76d-80fed65215ee,657,91.12,2024-11-04
23a4db5a-3688-4391-a99c-1e91074274f5,613,107.86,2024-03-19
08dd0a5b-9037-4bb6-8f4e-f7c04a969cbe,164,11.01,2024-11-10
a96ac916-7dd3-4498-bec3-80fd2cadeb2f,886,47.78,2024-05-29
ad6320b2-396f-462a-bd44-d0d4547d8de2,659,12.93,2024-02-17
fd1c8205-955e-48ad-a057-700340fbab74,64,2.97,2024-09-04
6f84d79a-115f-47f8-8566-36264e2e12e7,91,79.74,2024-10-04
a04b9e3f-7fda-4d84-9a25-ae457587f299,117,72.69,2024-12-21
b0d0c140-7cae-409c-9e3b-8d1ce8b17c6e,866,20.4,2024-04-07
4c2269f4-0e73-4bf1-b543-198b2e94cc5b,267,28.82,2024-01-25
01782c8b-206d-4069-80ed-e41a2711c028,822,3.82,2024-10-10
266e7ae8-3806-4990-a5bc-85557cde5544,685,100.36,2024-10-27
43edee1d-8361-4673-a5e7-742531871e8a,559,116.99,2024-03-08
101848cf-6cbe-4eed-aa5f-999a72ebf4d2,140,17.12,2024-01-07
77df01d0-286d-47e4-bb61-db847fda04d0,246,28.55,2024-10-31
114df812-72a8-4aef-988f-61d11664f135,661,104.34,2024-05-16
38d18c62-47e8-48e7-a749-abe0e3ba127f,758,111.25,2024-06-12
f784fc44-da03-4450-8d21-a61fca977b76,395,50.94,2024-03-23
482bd633-4925-47f8-aa2f-740cd416f76b,487,7.02,2024-05-17
50465c35-3bfe-414c-8dbf-db826672950a,476,5.69,2024-03-13
9a2c4837-4307-40a8-954b-0f34980aae8f,517,69.3,2024-08-24
6a99a06b-83ff-438e-8653-182298897bbf,977,47.75,2024-02-15
1925f8a4-cc97-46b5-9d6e-a6aeb26e114e,184,4.41,2024-04-15
b9fbdfdf-a0ee-4152-a0fd-ddc37f5ebf9e,20,70.41,2024-10-14
e65c800a-3a05-485f-a791-465555a7925e,937,2.35,2024-09-18
17d36605-8239-414c-8991-fb6dfd4ac6fc,558,94.7,2024-06-24
f5fc3d7c-1436-4fde-8a47-a4e0a81fc811,524,37.47,2024-06-14
ae49b2c1-7d4f-4293-a849-6174b9a5d19b,582,5.79,2024-05-24
c9dfeac0-9a42-402f-8759-6090eb555445,529,71.01,2024-11-25
58662067-1667-4c39-b450-6ef0a5edd6e2,883,48.32,2024-10-09
6b422dca-09d9-4c3b-85a1-6277ad79589a,147,116.88,2024-02-23
803b857f-c0b6-4c09-b49c-9902f89cb67d,666,65.76,2024-06-26
d0945c10-b429-4c6c-a733-f7601c50adf3,304,33.75,2024-08-31
847c43c4-c5f1-47cb-ae28-2b78b0262572,620,85.42,2024-12-06
9e064643-a226-4bd1-b346-8dfc2c75ea60,748,33.31,2024-05-06
622da506-b302-41ae-a2d4-1e2360753e91,820,108.6,2024-09-27
f2ed69d3-7412-4a6c-9c30-f6e0eb38c25b,864,45.59,2024-05-11
3967ad5b-38d9-46e5-93fb-0e5bc51bbb42,582,66.43,2024-04-02
7f367ac5-d8b0-439c-9e15-cb36f49a5227,695,7.02,2024-03-13
7edcbd20-4f7f-4bed-a4cf-0c6689ae0f68,762,51.71,2024-09-04
badd07dc-bca9-462c-89d3-61aaf4a9f1a3,228,100.05,2024-12-13
14dc3a3c-fca8-40f1-9e69-4e52b7d8b589,102,96.87,2024-09-29
d8e45757-dc88-410c-95d1-dfa7d9562ea6,587,27.69,2024-02-12
0868954e-ed72-4cbb-a767-2f1af461e5f0,417,27.9,2024-02-10
5b6a82cd-43d0-453f-a2d2-6a558d03aa1f,958,98.26,2024-06-18
769a43b3-0d6a-447f-8f96-942461bf4c22,216,111.72,2024-07-30
f51d96af-006c-4b12-9e4c-7a506e5c2a32,407,12.35,2024-06-16
3d2f78b2-3013-427a-9145-119557cb1747,399,54.56,2024-02-08
8f4ddb79-da15-4e27-8f1d-bd6e5de43daf,923,41.16,2024-09-01
6920f1b3-d077-4b9b-82b4-4612dab0af97,715,104.61,2024-05-30
eddfd945-c1f3-4171-bb3e-03709fedecd4,704,10.94,2024-04-20
c28e6fae-2cbe-4c36-8c4f-37b615e3cf26,761,26.12,2024-02-16
3df9a410-ff58-4c45-8eea-bafb8b605977,499,90.54,2024-03-03
8d2cf919-eb78-434c-918b-0a514b611d08,754,7.1,2024-08-12
cb7d58ff-e214-4cfc-a2e2-ef15f4d8fe2e,465,59.61,2024-12-31
c845c33c-263d-4c87-9a29-8f80579a5ef9,691,53.61,2024-03-09
09541919-67b9-40ee-95cb-f88fb5481039,949,40.79,2024-10-25
8d197662-3fde-481a-a3af-8290476bf655,974,47.95,2024-10-16
6ff9d8f2-6ee8-468c-9cda-dda787b778d4,731,64.06,2024-10-22
694866b6-d315-48fe-bdfe-e40110dc4e32,82,20.2,2024-07-21
97f39bbf-ccf6-4f32-b1bb-0c4beab1d7b6,604,69.07,2024-03-01
572083c1-f80a-4009-82c2-34049374ebec,947,96.85,2024-11-13
80843b11-dc6c-41e2-9810-b3c97caa31e7,687,91.46,2024-11-09
2de2cc5e-4d48-4ada-928a-391892f23920,751,19.31,2024-06-09
bcf8f106-e338-41b7-beca-066a712674c0,772,18.76,2024-11-26
31e652e7-766a-4890-80e5-e4da5d86fb78,903,32.91,2024-01-16
4279ff8a-ff35-460e-a358-9d716df3cd16,365,43.97,2024-12-03
c77c04a7-6542-4b7f-945e-4c5ce39667f7,163,49.61,2024-04-03
014fef0b-b709-4125-9922-be890bc14878,48,81.88,2024-10-30
1b748dff-b944-4150-89dc-bb68ea5f08d3,511,7.74,2024-05-17
13f74ac8-94cd-4b74-abf0-2c51fec7708c,329,5.13,2024-12-03
1fd9859b-c15e-44a7-bb30-d94adfaba882,840,47.64,2024-02-07
d9d2241b-e4e8-40db-b4f3-95044886e6f6,116,83.96,2024-05-06
eb356164-47a8-41a8-883a-d4d1763bff60,941,24.02,2024-10-01
6f86fe7f-7b72-4a31-96ee-4d4c859b393a,849,77.34,2024-06-12
a4ed5244-eb5b-4c42-927f-72a1d262396d,337,31.92,2024-11-14
c1456d33-056d-4865-8bb4-d8cbdbf4dedc,881,106.44,2024-03-17
50cf5d09-1bfc-41f9-bb7c-f06f16b4dc28,737,107.59,2024-06-22
1c33bf59-47e2-4210-811a-984afb842e48,864,36.38,2024-12-23
fd1bc7f1-4d63-4f9e-90b0-de7da414aa66,840,28.37,2024-11-16
dedcd3d5-ad2d-48fd-b913-9dd8982134db,147,49.95,2024-03-31
d6432ee8-4caf-4918-b3e1-ddec76b324c5,575,29.62,2024-08-25
537206d1-5b3b-4a91-8d42-32212de63b90,806,81.01,2024-09-20
96b6c76d-e945-4a69-bf0c-04662c846bcd,323,99.3,2024-06-27
1c1bdf50-697f-4e86-9c96-f779409fbe1b,443,81.1,2024-07-27
c6136e80-88ef-4e68-a48f-a75a8f5c9249,837,99.1,2024-03-13
109fbae5-4723-4a6e-ae0a-5b30c878cd5b,13,48.24,2024-04-16
b647468f-23d6-42d1-a0e7-e5ca2d67a20e,943,19.6,2024-12-10
93805370-752d-4f93-a0c8-7beb71b28646,494,88.82,2024-10-21
95c4b361-c334-4451-a71e-b13f6dfa7a03,701,43.9,2024-10-10
4cfbf179-0c97-4b37-bc18-3f06fa4c4dc5,287,80.88,2024-12-18
2fe01c1d-d89b-4c10-8637-fc2baa039ef7,720,33.21,2024-06-30
fac6182b-e604-46fa-9079-d3c3b286488d,114,10.67,2024-02-06
81404239-45fb-4525-8d6f-298d2702277a,480,119.12,2024-05-16
38bd214a-60f4-4d78-97b0-67d595f74177,22,19.59,2024-12-03
74ab6388-bd36-4526-94b7-f8b62f92c497,349,118.62,2024-02-25
994eb0e7-d159-449b-b0dd-f7ee5d240a3d,726,117.3,2024-07-05
cc1ef81d-bec8-4085-9d71-d425a83c1af8,683,95.46,2024-12-06
d09216da-35e8-4e8e-a70f-dc04c22b2ce4,835,79.47,2024-09-14
8687a099-0262-4fea-8d3c-4cab444872e7,566,69.76,2024-02-27
a2e86fd9-a96c-4f0b-b62e-b8ce774a7913,906,104.07,2024-12-28
bbddeaee-5b2b-4db6-9d8c-c759fa9dc237,810,35.44,2024-05-02
ee64fa30-1130-40f8-b0bd-3be0e8097a80,320,56.65,2024-07-06
56c360ad-0c12-4d29-9244-1db227b54b4c,126,74.71,2024-08-17
fb83bd60-c8d9-459c-aa04-5b5f3ae98401,277,49.93,2024-06-16
42e5b012-af3c-48a0-81e6-d87632813c87,976,51.87,2024-04-23
08d7c04e-31a4-4215-a450-c090259ffddf,204,40.3,2024-09-08
9625b5cc-cad5-4ec5-ac7f-19fc07744a85,194,68.14,2024-04-16
45298c4c-da72-4682-b479-5fe6f434ca4f,681,102.22,2024-02-06
e175b110-4c9e-40df-b4ea-19bd29243c7b,664,24.98,2024-11-30
42bfa34e-15a6-40fa-b045-e5f7c310c59c,547,112.2,2024-04-01
3dee98c6-f620-44b4-aaf6-5d47674be66b,696,83.0,2024-01-18
83128913-abaf-43a1-81f3-6fb74c3746d6,286,98.97,2024-12-19
e8105d3c-cf5b-44da-a49b-ab2363653ef0,57,67.19,2024-03-03
a4d5a659-f6b2-477e-80b3-9afe5f258cb3,734,93.76,2024-05-29
b63841dc-9fd3-44f0-8282-c01fae9198ff,303,2.93,2024-05-18
b0c180a8-f7ec-4eb5-9c37-b183384cb29b,163,98.39,2024-07-04
4fef49f7-c2a0-4d76-ad66-594bbc981c20,19,5.78,2024-07-03
3a1ee3cc-5da9-4d7a-9b8d-3198f79fc226,370,106.9,2024-07-23
e68990af-ad44-44b4-b6dc-3f14e813a794,264,119.04,2024-09-16
2463ca06-48c1-490c-ae53-5745a49a3239,794,35.99,2024-08-01
5167aa0d-24ef-4e4d-9187-6e67b13d9791,113,26.03,2024-09-12
8f46f9b3-a22a-49fe-802c-ecb8bb745107,488,92.08,2024-05-14
5c767669-2dab-4138-beb7-6e8a67e70121,327,31.11,2024-03-01
bafcfe70-368d-4b82-a175-06995bb4eb77,542,104.0,2024-12-28
d214db9d-6db3-45d0-bbfc-04e02e52802b,647,13.24,2024-11-05
42bc7eef-535e-4685-a5f6-136fe3d625d8,579,15.99,2024-03-28
09f0283d-4c3f-4734-8df8-59a54461fb63,65,117.52,2024-11-19
f8ecf3c2-5083-45ed-8e84-c3629398095d,292,81.19,2024-07-25
dddf7e94-8000-4b7a-a5fb-db84af0a702c,25,101.78,2024-05-08
d3c19c1c-6edf-41a0-bbc8-b67d1ec9484e,549,39.6,2024-11-06
b1153dce-9f40-4aab-bcb6-3e37ad0dede9,1,81.5,2024-01-03
1cee6750-e56d-485b-b7e7-33a2fc1a1975,911,71.71,2024-08-29
c1cb04b7-b727-4ee3-a34e-9637a68e44a1,549,72.77,2024-04-30
5b7c8724-7a89-45e2-8837-aa32eb888fa0,141,82.22,2024-04-11
857dfd19-db1a-4abc-91a2-1e95bbbebae0,744,69.47,2024-02-07
390f1b11-a9ca-4321-9948-d290471ce657,648,52.06,2024-12-06
e8d124e1-2926-4e60-ac67-9f7b262af0bf,901,33.83,2024-05-12
01b8d658-2a61-4dec-bc73-095f6f5b240b,188,92.46,2024-07-20
585598f0-ccda-46e9-af5e-a02bb4fcdabc,128,27.93,2024-12-13
f12913aa-2081-4982-b79b-cbdf60239c8e,201,83.39,2024-01-21
fe8d28c3-6703-4ca5-8bef-27b6908b96c7,127,28.77,2024-08-29
9880f609-2164-4e00-9836-0c86ad07db04,257,75.41,2024-04-18
d9096a9c-a911-401b-9698-b50a5ca927ed,676,89.9,2024-10-29
b0c583fe-eebe-4f3f-a510-43e63485796d,547,27.03,2024-03-24
36450a38-e1ac-440f-8a6b-33a909507db2,194,8.13,2024-03-23
cb666f37-ece6-48b9-806f-cb343d39295f,703,16.59,2024-10-17
4812e54e-908b-4506-82c4-d4190077d8e0,104,73.11,2024-03-09
a6864020-4b8a-42f5-855b-ef2ca51e8963,535,102.08,2024-05-08
5a1da48f-8f04-4f10-bff1-2500aa24fefa,265,6.35,2024-07-14
f2ae5666-4782-4fab-8b5c-80d8f1634096,802,88.36,2024-05-19
2b9bd7ed-6237-4cd7-b233-54355a5ab214,942,41.62,2024-10-09
6a0dc9ce-dfa1-48b9-ba5f-fe262ca67f52,974,57.94,2024-11-07
7b61a557-bf8a-480d-8f17-fdf26c344b07,384,111.53,2024-08-21
e2243f05-4c3d-4b47-b912-f65067b76f5c,260,40.5,2024-01-23
26d6c965-fa53-48f8-ab41-bd10e928f580,414,56.38,2024-06-01
fb7b4e77-c002-4db5-9262-3de87baf4743,991,2.63,2024-10-03
39583246-23fd-48a7-8587-350761e346f4,358,10.71,2024-03-01
c81975d1-0186-41a0-b352-e73314700777,75,31.77,2024-11-14
762a2328-4668-4098-aad8-544dc7952f56,355,4.31,2024-02-21
df9dfa35-5420-48f4-bc56-f539194b3d5b,584,76.13,2024-12-09
af33e46e-4bab-45b6-8f54-8fe3f02ddf71,771,51.74,2024-06-01
843b3874-4b2a-42bd-bca9-7bacc08d2829,910,66.23,2024-08-24
f7d16214-7190-459d-8f38-8e5623e9b5ba,188,21.78,2024-11-06
c01f3fca-2a41-4528-95d5-f4723a611acf,973,36.22,2024-10-28
d938a704-13dd-4157-9258-8e663aca6c6f,685,80.0,2024-02-01
bc5a662a-2099-4ae5-ac57-2684d0bc10ce,992,115.87,2024-02-24
61548593-f11b-409c-b310-18b928e5cd99,290,7.0,2024-12-17
9df9b719-88ac-41e6-a23d-0a667b391f76,45,106.96,2024-02-05
f12ba378-9d83-4124-a30b-594ead484c48,573,69.65,2024-04-19
ae5d29a3-5862-4bcd-b859-6709ee80245d,83,68.11,2024-06-25
c3b6c891-41e7-414f-9ad8-89d92bef4e88,123,60.53,2024-12-27
219986d6-b0ae-44ab-a468-dcbcb071b85e,358,9.26,2024-11-09
95e319cc-979d-4ff6-b8ad-b5a924806cc1,528,11.7,2024-10-21
2d28c926-48f0-4f26-9c8f-e0e001b8b1a2,66,72.51,2024-12-01
2233ca97-85d6-4e13-9e8d-993be7ec9b10,936,41.57,2024-04-06
32f4fc55-68e1-40cd-9615-7498cebaad2a,657,110.15,2024-07-31
fbdcdafd-75da-4193-8f4c-3ddeeeec95e7,375,49.38,2024-11-12
366e7cd1-851c-441c-86b4-acefea9a198e,162,18.05,2024-05-16
b9fe8865-ebfa-48b4-8029-0fd9643939da,746,86.05,2024-01-06
05a9beee-8bba-4dae-827e-1248c33c3835,380,35.91,2024-04-18
d61e943c-8cd8-453e-8df2-b70b5c8d2e07,656,63.53,2024-02-04
f21c4f0e-b717-426d-9b04-c5d9b326067b,358,84.04,2024-02-08
74dea4f4-5228-4ba4-8714-a5043d2d705e,188,108.13,2024-05-29
be862cc2-9fcd-4b1f-90f4-1a807f8d8392,322,95.27,2024-04-27
0adf967d-3c32-4a6e-a639-0dc8a3077ed5,450,81.49,2024-09-17
b8b3616f-ca49-4bc7-b4f3-c6718499a298,474,81.88,2024-03-27
534b419f-b35e-4e4b-bcae-480567886e9d,13,113.57,2024-03-16
54aed929-3b97-4b54-8444-ca90541e4dec,184,36.2,2024-11-08
637c2a3b-21fb-47be-abd2-74ebbb0b95f2,111,1.13,2024-08-01
e274d774-8dc6-485e-9848-73f6a7fe56bc,927,33.36,2024-10-11
080bbe28-5fdf-4a38-85c7-9a32e9cf3bef,508,26.93,2024-08-26
0c879aed-cd03-48b4-a10f-26c966bf7060,290,79.76,2024-06-13
f9a88f8d-d6d4-4d6b-ac17-99e3096aa738,295,76.41,2024-03-27
46ca358e-3d01-4462-b497-7e3b28f6a0cc,451,71.62,2024-05-20
2a277109-1f27-4fc1-9da1-abce70518e50,904,2.93,2024-06-08
647b4a55-e102-42aa-b25f-a1ca868ad92c,215,87.72,2024-02-15
bef94fed-78f9-47e3-abb2-7dd49e18d160,974,39.5,2024-04-21
63b84170-c927-4bfb-9c18-52eadf164b44,632,80.14,2024-02-14
998a8092-54f6-4dfa-afd9-7f16c240a8ce,894,67.23,2024-09-03
ba849b82-3388-46b8-9d40-df317ef99081,567,41.78,2024-04-13
6c2b152b-c233-4e09-b84c-0c4daa0b96ba,27,17.01,2024-03-25
99ea2306-e116-43d9-98e5-a12d98f325dd,630,12.24,2024-05-13
cb878a35-2e18-4688-ae7f-8979664e9ccc,733,99.95,2024-04-17
76e5243f-2e26-41b2-9f0c-0c46ba5a1e50,231,110.29,2024-01-18
3ec92f8d-588e-43f7-9dac-9f2f8c605a88,565,78.32,2024-04-03
32ab50bc-7e37-4622-b7b8-42b550a99d08,807,13.31,2024-05-29
0c97bbcc-367b-4a6b-80ac-bbe7c22a0a12,321,48.84,2024-09-02
d8eaa01b-a347-4772-bdeb-df891dfb1932,913,87.74,2024-10-15
9950ef80-91ff-4cb7-8708-18950bc05e4d,233,93.8,2024-07-27
0466016d-fb05-4429-950e-a1ba264e42a1,670,15.07,2024-05-05
2d6781dc-8663-44fb-b9bf-c980ea465b5e,437,1.0,2024-08-22
e8ea1073-7f0c-4225-ba9a-3af3e131c1d4,781,85.74,2024-05-01
edbcda9c-0b6e-4b26-abdb-206953bb96fb,533,43.43,2024-05-17
2a07d878-3d33-49d6-87b0-53cc44daa70c,403,31.28,2024-04-24
8d511127-3d50-422d-8f06-7ed43049b8e7,53,2.53,2024-06-10
36fa9e51-0e9b-46c9-85c2-97b30014ec28,787,65.3,2024-07-19
bc48e94b-3ead-428c-b946-d66cb5a85df6,313,102.29,2024-08-21
ed1842d5-b2fb-46a4-816d-3e781bd0f986,281,114.96,2024-01-28
0507267c-2d4c-42ac-a694-7994bf2729a2,726,68.32,2024-01-11
25050092-aafa-49d8-bdd5-56166555fccf,31,62.22,2024-07-24
e9b76aea-32b4-4d28-bec1-87c790e7753f,337,11.12,2024-06-15
37eab2df-86db-4692-8a56-6be8eed992c1,183,66.32,2024-09-03
287ce076-455c-4397-a3fe-121b30852687,23,46.22,2024-02-16
bb3a306b-a3a6-4110-bd80-bedbf3aefeda,544,73.25,2024-09-02
a6b33422-2a6c-46eb-9878-f10f6cfb0d5d,446,47.26,2024-05-06
052838ac-bbe5-472c-82eb-74579536621b,74,29.6,2024-05-26
2fed0dcc-edd8-4fdb-97fd-9837a0a2e710,10,12.3,2024-04-27
3cb17a5f-7480-4c82-9b0d-fdab177e9ce7,484,38.48,2024-05-31
2395525b-d12a-4198-b144-23b3792269c0,456,12.5,2024-03-12
48872d4d-77e4-4a91-965c-62c0dcb40334,566,22.05,2024-12-28
927c5b8f-a5ec-4013-af9a-3049817660cf,564,118.49,2024-05-16
d8b3d046-33fd-4a94-adcc-1f3dc7ec2164,660,53.85,2024-06-23
e93050d8-ff7c-4c67-b149-a545bb7f0c02,160,64.29,2024-10-15
d3e5932b-6c87-424b-9707-77e58d64e060,882,104.96,2024-01-19
cb6de0bf-4a0a-4df1-9174-95e8dd402419,14,119.47,2024-07-13
ddddb088-e09b-4948-b938-448ddb2c9182,178,70.34,2024-11-25
545ab9eb-eb70-402e-8b1e-bdd7fb03b68e,412,97.68,2024-06-23
909371fc-fb58-4f3b-9a03-7a583f3c1b68,878,39.91,2024-12-19
1dd27a23-de9b-47f8-8c2c-b97a917112ef,53,37.38,2024-05-20
8d7e868b-7481-43ae-9d99-d4c80a416ef6,408,48.92,2024-09-02
233be895-d1c6-47ac-9203-fa6e43643f74,847,81.03,2024-04-02
0287521b-afd8-4f2f-a0c3-676098057e20,22,82.18,2024-08-26
4e1860b5-f319-4672-be41-1c28b939f5b2,30,38.51,2024-07-23
7ee0180b-ce54-4b09-b594-416e8e57ee68,703,16.85,2024-02-17
22d634b0-3302-4dd8-8cf8-4020ce6f71b1,260,76.26,2024-09-01
f7af0fd9-3e05-4266-8d30-e26ac9195243,205,16.27,2024-11-15
31fdf904-5740-43ac-94f0-8b4a45f25b29,59,69.84,2024-11-12
bf1af73a-445f-4edc-8ff7-6324ac9fcc53,471,83.52,2024-10-21
f6866fee-899a-4920-80b2-72c82febc4cf,776,84.37,2024-05-07
b2969fbe-ad90-4132-aeb9-109b93701501,466,90.66,2024-12-09
378f52b3-cfe3-4236-95e2-31fcbaf1ee97,12,104.87,2024-10-08
cf6c7e1f-62d1-4b27-961b-32b8b70059ca,631,60.5,2024-01-17
946b36db-6b8c-4a97-af45-3fe83b811f1c,927,87.9,2024-03-11
5dab8024-fc83-47fe-894b-a4c3c9a03683,974,74.68,2024-09-25
0a2f57bb-3942-447f-a073-493f6b36f8d6,290,23.21,2024-11-20
8460cd87-04f7-47c9-9a03-e7317755ca9b,850,4.06,2024-10-08
a07c6082-993f-4405-8cc2-8617c1f82a02,760,34.86,2024-10-31
037779d5-c697-483d-a983-aa639e4d4e35,354,53.72,2024-01-07
fb85ae3e-9bb8-41ab-8860-d7c1d1c99911,639,74.44,2024-11-09
c6459cb5-1799-4a78-8475-d084988e7ce6,75,102.15,2024-10-31
f08ebc02-900d-42eb-92c2-8e8375d27e4d,873,24.35,2024-04-12
9337aa3e-136f-494e-9dd7-b2f681f586b4,716,15.94,2024-11-04
431a6970-1288-4dbb-90f5-77c67a889a2c,561,115.65,2024-07-11
1e0cf416-4ea5-4d5d-a15e-4195a2b98f1b,591,13.86,2024-08-28
3b125397-657a-49d1-bead-0aabe7744096,441,57.94,2024-03-02
84fa3d86-e2b3-4391-a113-f762b878a37a,991,70.68,2024-01-17
9dc7d54a-77e9-4949-8874-c8b0e4637899,241,65.42,2024-06-19
623afe45-7edd-450f-97db-7469eec4f6a2,861,11.24,2024-01-25
d3faeea8-e8ae-4051-a620-cabfdd78f448,154,7.79,2024-09-07
98782543-1e9a-480a-afc5-78b3ca0e11e5,786,13.55,2024-09-09
a9440424-293a-4604-978a-b4ddea41fb81,96,70.68,2024-07-25
a038c997-dcc6-4508-8f9a-c7d2ec404f8f,726,65.78,2024-01-29
aedef636-8bc4-41db-9604-722d89414fc3,294,28.82,2024-04-26
3a1524b3-d239-4787-9920-3b0ec9e19c41,209,76.9,2024-10-08
cd9cc011-4032-4589-828f-2e4895494949,343,98.59,2024-05-23
2d586b84-0a65-45e4-ada5-00ed7e947070,88,5.95,2024-01-25
0b6ad26e-3ea7-48e1-9bf3-ea8e68d4e61f,818,60.28,2024-11-05
3bad2d50-88f6-4047-80b1-8f35022aa4d6,776,83.03,2024-06-04
b5fec91d-4f27-402c-a90e-501de6821493,937,31.03,2024-03-13
0dce45c7-dc84-4715-a7b7-fa75d62e2d51,390,37.62,2024-04-29
3afe5bf3-c0a0-4674-93ac-a7332cc85023,325,74.02,2024-11-07
6038fe03-10dc-46c0-9083-da5b34e873ee,940,107.85,2024-11-16
7d7d4808-6da5-4112-8243-cbf7fc3f982d,889,97.38,2024-04-02
2e64570d-36c6-4be6-9bb9-04a645c8e6ce,832,70.39,2024-03-26
befa95d9-ec03-4c17-add6-214941070f3a,157,87.9,2024-12-01
31656a33-99f6-484c-a1c8-c76be0c24535,668,44.41,2024-12-29
282e8d15-9d14-4e37-89ee-e2cc2f316c2a,651,77.27,2024-04-27
03c74114-89ad-4bc1-80b5-7f6fc73db784,633,56.48,2024-08-20
3e38bdb6-d51e-44ca-9951-5e0d8af8d8ac,577,23.6,2024-07-17
deb8f8a2-83d0-46c9-a556-3a1348e28f9c,619,84.51,2024-07-24
5b941584-9fbc-47c0-8ad4-8cd58fcc0d26,659,67.22,2024-12-04
4a0edf8d-8aaf-47fd-82b0-086dcadae709,137,43.68,2024-05-26
e8aec5c2-9299-49be-9547-8207398cee03,923,109.45,2024-09-27
86760690-94f2-49e4-b4ac-cddb7d82b2ff,674,3.49,2024-05-18
b9461588-9b3d-41f9-bff1-b4a179cd8cf8,428,38.58,2024-06-29
52e089dd-2305-4389-b955-ba451eada570,452,7.77,2024-01-30
6e7ed3c7-52ff-4f1d-adcf-9bd6f592c0c4,612,92.22,2024-02-26
6badb35d-393a-495c-8391-38ac355994b2,850,84.55,2024-08-19
e10d19cd-6c7c-40b0-a75b-600c8df4c737,911,40.43,2024-05-25
3092f87c-9a9d-48a0-9909-fb1ac5157dd7,819,81.4,2024-02-17
2291d88f-ec1a-40d2-b653-c29602c9df1c,141,48.12,2024-07-12
3b7a40cd-21f0-4044-9ae9-929a0b8d716b,83,90.99,2024-08-11
9ce5a86d-5b23-48a1-b0e5-008367717340,177,55.05,2024-05-15
97c3accd-82ba-47b6-9c10-ba0445895b53,198,50.06,2024-01-22
babbc83e-e101-4197-929f-8ef27fe9029b,624,112.23,2024-01-06
0814c6b9-12e2-4336-a3f8-ab007d0af079,568,30.85,2024-07-22
ceae0943-25c5-46f7-b549-7500f503b062,972,15.33,2024-08-26
c48de47e-78f5-4457-9f7f-8220dc52e1b3,691,70.56,2024-07-03
9cbc7e19-1553-4a14-8a1b-767748324e7e,421,116.35,2024-12-25
dccab071-cc0c-4ac2-a6d2-a2ca0cd5b4c7,401,45.96,2024-10-18
82857806-1447-4e8c-9bbf-4bf6e6313904,698,8.38,2024-11-30
13ee2025-051c-4b52-801a-7c599a869848,471,41.38,2024-08-07
9628a37a-39c5-41a6-9052-ca39bb381cd1,218,61.21,2024-04-25
b789a149-2baf-4167-8fa0-956a78489719,925,20.27,2024-11-08
600b7e93-7d0b-4a74-8057-fe0986e3d583,929,79.31,2024-02-18
b20ccf26-ac51-40cc-8236-704bfe1b465d,828,119.73,2024-06-21
d3a1e0ac-6e3f-4e48-a197-2e59bd7a86f0,987,54.76,2024-03-22
92b73fa9-a277-431f-bb27-e9a45632ec87,729,43.21,2024-11-17
5f168d0e-cdda-4894-b215-51066f669bc6,632,48.68,2024-11-28
889278ed-162d-4a05-b6c2-d806197e01e9,951,14.7,2024-02-14
c5a992e9-e013-458a-82dd-9883236d163d,906,106.11,2024-11-30
03131f2f-0897-40a3-889a-298edb2ab0b1,175,50.36,2024-01-20
618d3e3b-5282-4475-8222-d92551c27d3c,23,47.09,2024-08-08
064d1d43-1ca9-4f9f-bc80-6dc827ef4efc,725,79.5,2024-05-02
3c62e98e-21c6-49d3-a82b-8b3667db4e10,917,53.6,2024-08-21
6f9ebaa3-bd56-49b3-90bf-cc6854181cd5,235,78.14,2024-08-08
50f82041-4271-456e-984e-9db0d113d3ac,13,8.31,2024-11-18
ca9bf4da-da6f-4722-876f-a27fb3a36019,101,97.83,2024-12-04
9281c27d-a280-460f-9f5e-e2f693d118ee,929,112.92,2024-01-03
7206dfa9-6717-424c-be25-311988322c88,536,78.2,2024-06-30
7ec35280-84cc-411f-8360-8d54acbfce6d,876,114.59,2024-07-24
1b485e71-618b-44e2-9dad-b1540592fc49,523,19.02,2024-11-15
767e0822-85b6-4882-b5ec-16c58a40558a,785,57.81,2024-02-09
d0ad5614-974c-4fad-b908-36c90617d1f4,452,72.62,2024-02-28
10f68eb1-0670-4d02-a3b8-98cf28a4ec8c,431,70.23,2024-03-02
84de722f-0caa-4c0c-8f46-e32aa45078ad,793,48.77,2024-05-11
4af298f7-5d0b-4820-aa3a-93752779f54e,606,41.23,2024-02-29
95c47c4e-a4c7-4619-afb2-acc958e9c87f,713,16.09,2024-11-26
6287278c-aaa5-47c6-b6fd-d2d88c4500e1,533,47.62,2024-05-01
58042eb1-6778-4b6d-bad0-3d8b11144374,852,20.36,2024-04-16
8d5a2b56-4949-4331-aae7-4f3c51558ecf,979,88.39,2024-04-05
01aa0d9c-64e4-4c09-b871-605d18774d89,723,25.85,2024-12-12
52109582-9d8d-4d3e-8ea0-22bc6dfaf75d,652,7.97,2024-08-22
5a232849-8161-498e-ace2-582efa665a6a,293,66.73,2024-03-02
d0a561f4-3fb8-4daf-a598-3b24807a57d4,810,71.83,2024-09-12
06bf91be-a8c8-4f53-814a-e0f93ff183bd,913,104.76,2024-02-18
1a4dfaad-6167-4aec-86f0-f678ce883d87,101,69.66,2024-12-13
4d1cb7d7-360e-4bec-918d-5103f8f40d29,502,42.11,2024-06-07
8619e2c1-8c80-42a4-a8d2-d96afe0fbc19,304,96.56,2024-05-03
0954bc9c-57e3-4992-8ed8-44f3fb8a4f52,871,65.29,2024-11-12
c66f259e-c6b4-40e3-819d-bbda55f3038e,540,10.43,2024-07-25
222e9eaa-b485-4858-8151-caa4be516b67,553,68.34,2024-02-17
858e8af3-02f9-45c3-b365-2d78d1498e5b,355,109.05,2024-05-15
4e8efeac-a21e-474f-9bae-591293e7576f,303,48.16,2024-07-19
caa3d5b2-b46b-4386-a659-0812b9baec24,496,36.26,2024-09-06
661b7f6c-7c75-4ea1-bc6a-24c77172cf27,658,18.07,2024-11-09
9f9faae3-8599-4147-9e0c-709950783c92,768,19.02,2024-12-22
e8b5bfd9-f6fd-47d2-bfd8-107ce52d9433,974,52.5,2024-11-13
be503736-0bbb-4505-8b6f-e5d9ec0fa3d8,227,71.89,2024-10-21
1ae33cdf-6e7d-4286-8d25-46eb9bcc595e,236,10.59,2024-11-09
a42418b6-137b-4f75-809e-ac0c9d2aa7c0,873,112.81,2024-07-27
e39a4711-85f3-4fbe-80ca-110b204c31d9,892,90.86,2024-12-20
27e9466a-47b7-45ff-9e18-74e2329a6e89,455,70.81,2024-07-29
5355805a-d23a-47cf-a512-e4b791b8d45f,13,99.58,2024-07-10
b3e54876-24a1-49ab-9e43-e6797560213f,210,10.54,2024-02-13
836f8703-033a-49b4-9220-065cd82eb0fb,741,57.74,2024-01-29
0d0cc7f6-e261-4729-a284-5a7ecfbca54f,397,75.98,2024-02-28
226f9ec3-dff1-4514-a614-cf5cdd9db287,100,99.61,2024-03-11
8ba3b38c-3349-47c8-8499-6c7675031969,31,94.23,2024-04-01
aa8ee825-3e76-45f2-ba24-a9e648c372fe,898,33.97,2024-09-21
29560650-6d7f-4a94-ab26-8d5423a037c4,528,112.96,2024-08-07
6a7ee028-fc4d-48d0-877a-b890d6025ea8,649,15.8,2024-08-02
f2ec6401-b486-420c-af1a-756e4bd6250f,329,105.14,2024-10-03
1eb7d232-9a8c-46cf-b14b-78adce40a4f8,166,116.54,2024-03-04
cd2b6453-a0e2-4029-b854-93d0fa6c749d,459,22.08,2024-12-11
c73cdef6-2ced-4a98-bbc9-e3e5d77123ae,822,86.93,2024-10-18
a8f9c0a3-7cb0-4265-b91e-cd383015212d,952,5.79,2024-09-01
80271b1e-654a-44b7-9ce7-3c32dac7ac9e,982,49.25,2024-03-02
5c8c4c1d-039e-4c00-8d08-e19bff66b7a3,993,62.44,2024-11-27
1aaa923f-917c-4bb8-a885-881445c51a8c,100,70.1,2024-06-18
0075fe6f-24b8-4a3c-b61d-aa8b4276c079,621,112.38,2024-09-25
f59a7e8d-458e-4675-9419-c47fdb677d70,855,81.0,2024-09-23
3ae19fe5-a681-45a2-a6b6-08b4d11a8448,173,58.27,2024-02-23
3543eb57-8d5a-4868-89c3-fdb4ea0388e4,749,97.35,2024-01-16
88e97b69-f5b1-42df-b687-bc2bb1610e5a,162,114.11,2024-01-08
745ac61f-ccf3-44e8-ab5f-b941351c878a,905,3.63,2024-04-13
68efb85e-e206-444f-8504-ceef96f13b7d,728,117.92,2024-02-28
8ba9f1c1-2fdb-44f3-9795-157f57ffbeab,776,11.25,2024-11-08
2eb522af-47e6-4778-ba2b-89851a34fb83,263,97.91,2024-02-09
b0382273-7d7f-4cf0-84b2-1c376f1d6022,804,34.36,2024-08-24
410a75c7-e3f9-484c-a3d1-c90f5054ef22,274,16.73,2024-04-03
48099d8d-7340-4e65-9c00-df85387bbb12,3,53.34,2024-08-09
e091da86-d82c-45bf-a81d-ee1f3d1f9dae,28,77.63,2024-07-22
d79cfdd2-6764-4ba0-8ec0-5c8faebdf3a6,326,46.33,2024-05-17
c38cb7d6-d10d-4696-99d2-924aa254800b,940,7.49,2024-10-26
43d79fcf-96b8-48ab-8924-3ed2db978bec,149,72.34,2024-07-25
f04a5139-1412-42f0-9de9-06fef6b0ed56,540,108.39,2024-12-01
db357fd4-845b-432e-8bf2-ffb49d2abe00,488,46.6,2024-03-21
a4e1d241-acaf-4d7e-92a9-60bf48fe4da9,822,26.74,2024-08-05
7854d651-5d5b-4140-8e2e-de47f04fcd43,438,53.67,2024-01-02
26e93788-5c56-43f4-b2fd-4a38c790c1b4,65,6.76,2024-06-26
f4651217-d718-449d-8bf1-1e35b9e9ebb4,356,98.64,2024-12-11
87d88367-06af-416f-aa9a-6b7e42286106,533,99.33,2024-10-05
b20f1638-1e3e-4037-ad47-9ee9d69635e5,252,70.97,2024-05-25
ac65f471-5765-4cb7-a6e9-09dffc58411b,235,43.02,2024-11-13
f027f3f5-6bd3-4407-b3e0-4ae269d9b2b3,227,96.17,2024-08-11
be5f5593-8de7-4066-a4cb-8c35ab08324b,525,67.01,2024-03-02
53a916cd-28e1-4fd7-a4fe-4b3828d10be0,313,99.29,2024-10-20
d4499705-205d-4f41-b13f-9974e4d1b24f,49,76.14,2024-08-26
4f290a26-c48c-47f2-b484-89794ee37734,118,94.34,2024-07-13
55dddc86-c69d-4d12-b7ab-37517b63b235,54,72.23,2024-06-14
06b1d6d4-1fca-45b8-8bdd-e9f86d5c9b08,650,50.28,2024-08-09
36014884-7057-45c0-abd7-c8062ecc7e51,565,115.0,2024-03-01
a2ed42c8-873e-4e5c-81fc-0d301b79f4f8,44,65.39,2024-05-08
6f03d1de-52bf-4aa1-a167-810b133e47a3,815,73.01,2024-06-21
4da6e245-75e4-4e8e-8261-7f748bb132a0,53,27.24,2024-06-04
e46dc93b-c8b4-420c-b78a-ebe0e7d470e7,586,75.45,2024-04-19
32e19184-667d-453e-91b5-25b057ad0cf6,558,69.02,2024-09-25
94e2661b-e0cc-43d7-9e4c-546846758fc0,525,23.0,2024-12-21
fe25a1b3-7cae-48fb-9a05-1b246edebac8,677,8.09,2024-10-04
5232cd7a-db74-4b84-99a2-1c8f560c71c8,102,72.92,2024-03-14
ec9d1be9-4986-4092-97b9-1fbdbaf0a578,792,91.88,2024-07-25
4521ea8a-ec97-41be-a2e2-6ce54e554a8a,770,63.28,2024-10-05
65060cc9-7d13-4f4f-baa7-3c2220c2c5f2,982,27.99,2024-11-21
a73598f4-7cd4-4e74-9b49-6bb08809a675,849,80.32,2024-12-05
5840839c-66fb-403d-b4e9-f4fddab69e0c,868,10.53,2024-12-22
9bfba9d0-da52-470c-87d5-fb27d36bc93a,398,53.58,2024-12-05
6900cce0-fc4c-4282-8e38-5351e28475b2,138,20.44,2024-07-22
f8761f13-7aba-4cfa-9d6a-2fa4b6c1917a,675,22.95,2024-06-09
37b9c937-2461-4de4-81b1-790e1b2f4a87,921,25.07,2024-01-28
0641f6ab-9048-405b-91de-ddb53eb6304f,387,47.02,2024-09-13
806d15cc-a269-4109-87ed-0797662b73b3,111,7.09,2024-06-13
075d1f58-c474-412a-9837-6de8ee557a05,614,48.34,2024-03-03
ccf2cbca-d1e7-42e7-85f6-5541d2a57c5d,17,61.89,2024-01-22
64b19f40-22e9-47f5-b736-89588a91189d,780,58.51,2024-03-10
51a5ebd5-77ad-4700-9524-446059b520cb,182,46.55,2024-04-05
e5a47385-131f-450e-9e3e-c4a64cf5210f,884,100.86,2024-06-11
b773d08f-1e11-43d7-9083-7d18c7ce4114,536,18.29,2024-03-19
9ef0ef41-0829-4a2a-803e-610e3df3e2fd,541,61.18,2024-01-05
d383eac6-e36c-4019-b0d7-739befe0622e,171,8.38,2024-11-11
20d5ba8f-eb87-4393-8fa8-551500eabd84,409,9.47,2024-04-29
a9adb5a2-86d8-4193-8c23-8e186d3cbafb,740,69.29,2024-10-28
bdf001d2-7200-4744-a947-844847ccdfb3,378,68.36,2024-06-26
1a4e68a9-4b49-476b-8f6e-f7c11246d761,188,105.49,2024-06-24
cf2e2241-fc9e-4bd1-b9d8-eb6dab6a3f91,858,67.39,2024-08-04
0970544c-0eb0-4870-ad3a-627b88e4c975,230,115.22,2024-02-25
077fa520-f4d1-48f3-8dc5-15791a5604db,833,6.79,2024-12-31
389a3412-a59e-420c-a4a9-eeb25f9bcbe6,852,12.66,2024-07-05
48cd2664-9b87-47d3-80c2-f1a14610166a,119,6.24,2024-08-19
cd159ff7-d4ba-4957-9a6a-f424f5f0870f,156,23.05,2024-09-11
340112c7-8dda-45ab-9cc7-f19191604d77,784,65.41,2024-04-13
a02e62de-b44b-49f8-8759-1b7b12d9d3d4,687,77.82,2024-03-17
e20751ff-d77a-46a3-96d6-00dba98c43ac,465,6.42,2024-08-17
bc058947-f986-4958-9df8-40b2052e61f8,104,113.57,2024-09-14
062f8f56-499a-4bea-b329-c0e55d06a5c4,604,101.22,2024-09-20
d6baf376-2d9b-4113-bbaa-7daf8928a312,698,36.3,2024-11-26
b565ebd1-4a14-4952-bb71-2e7c58c1ee39,972,10.19,2024-06-30
8184de5d-43bc-446f-8c78-e9e0957e9a77,795,21.22,2024-09-12
9ff99729-3855-465c-8ce1-2dd7d5b00a16,502,16.11,2024-02-07
1507034a-4302-4785-b42a-bf68c66163f6,693,15.67,2024-06-24
6246925e-8a05-4df8-8d3a-6cbe44f5c4eb,682,62.71,2024-01-27
5a6aa456-ad76-424e-9247-4361675f384a,699,30.26,2024-10-02
2dc2140f-23ba-4b80-a98d-a3b7d376ad0c,175,43.62,2024-05-19
c33459f7-a070-454c-aeae-4766e71a7f08,734,118.75,2024-10-25
d4e0446a-3e8b-41dd-9a2f-5129f0d16762,745,82.43,2024-10-13
f914b8cb-5d66-4804-8c5d-ecd4e97620d1,674,113.93,2024-03-31
7784b94d-bda7-468b-8426-4a0cc6da8e47,421,17.96,2024-03-01
451dbf22-2e67-4ae9-87c0-bdd00d93aa0f,134,46.47,2024-12-30
2b254df1-1e9b-4df0-a6df-86d1964d10f5,391,67.01,2024-12-12
af2f8910-6bd5-4c09-a282-4dc078d451db,992,10.13,2024-06-11
ca69bd19-6678-4526-8f86-80b40f2e3431,736,1.5,2024-12-16
49174a34-1eb0-4fcb-8f2f-543a9eccde42,501,80.78,2024-05-22
f823c0c9-1a24-45ad-8633-bde5e8de53fe,665,77.38,2024-09-09
9bd10bdc-8305-4c25-87a5-9f97d5cb899b,33,49.88,2024-09-25
048e1eb4-0cab-4af6-ba93-b0879e339486,55,59.27,2024-10-17
818e7282-b2f6-4315-b19f-c1a6f22f0785,954,50.44,2024-07-05
5a3dd5e1-e8e9-4074-8438-7257aa94ff67,519,3.86,2024-10-30
d7139430-a49f-40a2-8e08-672ffc211261,756,40.91,2024-10-17
b2ef1c84-b6bb-4e1b-9278-0e6f9a2cfe01,825,22.07,2024-03-26
2c03c08d-337a-403d-a00b-6bbf740be4e6,638,12.71,2024-06-14
fdea06fb-f42f-4663-89ef-280899eafbf1,12,114.85,2024-04-23
2e02347b-9440-4436-94c0-5c3a056d5812,528,72.32,2024-12-21
05b64236-0b40-4767-a1d0-e990f82c7d0b,720,87.71,2024-07-01
